	names	scores	logfoldchanges	pvals	pvals_adj	pct_nz_group	pct_nz_reference
0	Sox17	-1.149	-3.095	0.2504	0.2504	0.005618	0.04102
1	Mrpl15	-2.265	-1.227	0.02352	0.04703	0.1208	0.1913
