	names	scores	logfoldchanges	pvals	pvals_adj	pct_nz_group	pct_nz_reference
0	Sox17	-1.469	-3.193	0.1419	0.1419	0.005291	0.04124
1	Mrpl15	-2.903	-1.252	0.003693	0.007387	0.1199	0.1918
