	names	scores	logfoldchanges	pvals	pvals_adj	pct_nz_group	pct_nz_reference
0	Sox17	-0.7728	-1.541	0.4397	0.4397	0.01567	0.04088
1	Mrpl15	-0.8214	-0.4474	0.4114	0.4397	0.163	0.1908
