	names	scores	logfoldchanges	pvals	pvals_adj	pct_nz_group	pct_nz_reference
0	Mrpl15	2.392	0.7644	0.01673	0.03347	0.238	0.1895
1	Sox17	-1.853	-4.255	0.06389	0.06389	0.002587	0.04153
